NUTS3;Number of heating days;Average temperature during heating period;Number SFH;Number MFH;Appartment per SFH;Appartment per MFH;SHD_SFH;SHD_MFH;HWD_SFH;HWD_MFH;OTH_SFH;OTH_MFH
DEF01;215;5,010445736;11948;4839;1,087211249;6,817007646;18362,18974;62346,05092;1370,29976;6817,007646;5481,199041;20451,02294
DEF02;218;4,814908257;24553;12439;1,096159329;7,74592009;19306,41569;74862,00924;1381,577745;7745,92009;5526,310981;23237,76027
DEF03;218;4,814908257;32670;11024;1,129476584;6,720972424;20100,28957;65310,6374;1423,570161;6720,972424;5694,280644;20162,91727
DEF04;215;5,010445736;15579;3612;1,095192246;6,523117386;19127,89241;61472,84343;1380,358853;6523,117386;5521,435412;19569,35216
DEF05;205;5,579898374;47470;3450;1,103518011;5,38942029;18039,64895;48136,82887;1390,852485;5389,42029;5563,409938;16168,26087
DEF06;215;5,010445736;50236;5495;1,124990047;5,960509554;18548,86043;53235,69871;1417,915418;5960,509554;5671,66167;17881,52866
DEF07;205;5,579898374;57279;6661;1,138008694;5,362408047;18124,70031;46531,45005;1434,323866;5362,408047;5737,295462;16087,22414
DEF08;215;5,010445736;56628;8031;1,139348026;6,045884697;19032,27815;54474,67573;1436,011933;6045,884697;5744,047731;18137,65409
DEF09;205;5,579898374;70156;9193;1,112321113;6,510007614;17412,36867;54810,96973;1401,947741;6510,007614;5607,790965;19530,02284
DEF0A;218;4,814908257;37346;3743;1,129224013;5,777451242;19150,09211;52911,09434;1423,251826;5777,451242;5693,007303;17332,35373
DEF0B;218;4,814908257;79012;6804;1,124297575;5,102586714;18973,16416;46998,66032;1417,04264;5102,586714;5668,170558;15307,76014
DEF0C;215;5,010445736;60688;4651;1,139269707;4,958181036;18996,26372;45501,76846;1435,913222;4958,181036;5743,652887;14874,54311
DEF0D;215;5,010445736;66190;6951;1,106224505;6,494461229;17903,98996;56480,75497;1394,263696;6494,461229;5577,054785;19483,38369
DEF0E;205;5,579898374;38334;3869;1,115876246;5,051046782;18208,15899;45238,55239;1406,428561;5051,046782;5625,714244;15153,14035
DEF0F;215;5,010445736;58508;6317;1,115129555;6,283441507;18066,40336;54779,26746;1405,487447;6283,441507;5621,949786;18850,32452
DE600;215;5,010445736;164839;81669;1,124636767;7,916430959;19355,64692;73141,11524;1417,47015;7916,430959;5669,880601;23749,29288
DE911;215;5,010445736;28683;13440;1,152424781;7,209337798;20033,74395;67675,88248;1452,493619;7209,337798;5809,974477;21628,01339
DE912;215;5,010445736;17660;5748;1,154020385;5,816457898;19966,63223;54902,19088;1454,504687;5816,457898;5818,018748;17449,3737
DE913;215;5,010445736;20842;5399;1,152240668;6,79486942;18861,79112;58662,74669;1452,261566;6794,86942;5809,046265;20384,60826
DE914;215;5,010445736;50035;3444;1,166663336;4,913327526;18647,10848;42907,2435;1470,439614;4913,327526;5881,758457;14739,98258
DE91C;201;4,648984245;47494;11274;1,246768013;6,010777009;20130,16;52858,80286;1571,40198;6010,777009;6285,607921;18032,33103
DE916;215;5,010445736;32216;7620;1,264402781;5,515223097;22621,8855;54146,62335;1593,628497;5515,223097;6374,513987;16545,66929
DE917;215;5,010445736;25372;3542;1,173143623;5,340767928;20326,23675;50514,69851;1478,607241;5340,767928;5914,428965;16022,30378
DE918;201;4,648984245;35659;4878;1,276311731;4,944649446;21120,7473;45241,12025;1608,638303;4944,649446;6434,553213;14833,94834
DE91C;215;5,010445736;20604;2719;1,286788973;4,070981979;22988,95079;39895,5886;1621,843614;4070,981979;6487,374458;12212,94594
DE91A;215;5,010445736;36108;3674;1,185665227;5,301578661;19887,45742;48769,37939;1494,389225;5301,578661;5977,556901;15904,73598
DE91B;215;5,010445736;30811;4233;1,167407744;5,603590834;19934,37236;52191,44529;1471,377852;5603,590834;5885,511408;16810,7725
DE929;215;5,010445736;175865;49956;1,180280329;7,14086396;19788,25717;64237,61541;1487,602206;7140,86396;5950,408822;21422,59188
DE922;215;5,010445736;63119;4765;1,164926567;5,213850997;19351,20171;47155,94666;1468,250625;5213,850997;5873,002502;15641,55299
DE923;215;5,010445736;35312;6936;1,257589488;5,544910611;21931,26251;52563,66528;1585,041156;5544,910611;6340,164622;16634,73183
DE925;215;5,010445736;62784;11260;1,218399592;5,96598579;20967,65098;55998,60599;1535,646979;5965,98579;6142,587914;17897,95737
DE926;201;4,648984245;20079;2785;1,28343045;4,773608618;21437,938;43890,87835;1617,610597;4773,608618;6470,44239;14320,82585
DE927;215;5,010445736;34305;3225;1,202448623;4,916899225;20537,49321;46089,88075;1515,542689;4916,899225;6062,170756;14750,69767
DE928;215;5,010445736;39231;5715;1,295888456;4,948818898;22067,97994;46084,9729;1633,312424;4948,818898;6533,249696;14846,45669
DE931;215;5,010445736;51804;4960;1,154601961;4,890625;19494,74246;44747,18653;1455,237694;4890,625;5820,950777;14671,875
DE932;205;5,579898374;61595;5534;1,140595828;5,657661728;18271,24522;49322,20016;1437,584638;5657,661728;5750,338551;16972,98518
DE933;215;5,010445736;70677;6004;1,138078866;5,748834111;18299,34141;49803,01362;1434,412308;5748,834111;5737,649234;17246,50233
DE934;215;5,010445736;17617;1269;1,151841971;5,161938534;20058,09364;49633,22537;1451,759056;5161,938534;5807,036225;15485,8156
DE935;215;5,010445736;43445;5774;1,15918978;5,844302044;18876,7605;51782,36446;1461,020091;5844,302044;5844,080365;17532,90613
DE936;215;5,010445736;34739;2211;1,14675149;5,31049299;18775,54892;46849,15023;1445,343114;5310,49299;5781,372455;15931,47897
DE937;215;5,010445736;50862;3002;1,153002241;5,223684211;18852,47957;46440,75861;1453,221439;5223,684211;5812,885754;15671,05263
DE938;205;4,195670732;39174;4169;1,185582274;5,207723675;18957,59631;45216,61084;1494,284673;5207,723675;5977,138694;15623,17102
DE939;205;5,579898374;55659;5066;1,122855244;5,80704698;17514,40112;49112,21357;1415,224753;5807,04698;5660,899012;17421,14094
DE93A;205;4,195670732;27428;3095;1,178284964;5,388852989;19412,63548;48233,368;1485,087287;5388,852989;5940,349149;16166,55897
DE93B;215;5,010445736;37938;3296;1,171674838;5,03595267;19279,47432;45230,71499;1476,756014;5035,95267;5907,024054;15107,85801
DE941;215;5,010445736;18717;2458;1,15595448;5,329332791;19552,13795;49194,05331;1456,942382;5329,332791;5827,769529;15987,99837
DE942;205;5,579898374;13038;2067;1,087206627;5,592404451;17699,30051;49124,22412;1370,293935;5592,404451;5481,17574;16777,21335
DE943;215;5,010445736;35737;7140;1,151775471;5,971358543;19039,50483;53572,42756;1451,675241;5971,358543;5806,700964;17914,07563
DE944;197;5,509581218;21940;9905;1,252871468;5,90681474;19707,66119;50140,74712;1579,094655;5906,81474;6316,37862;17720,44422
DE945;205;5,579898374;12232;5374;1,130150425;5,77800521;18742,29247;53237,8795;1424,419457;5778,00521;5697,677828;17334,01563
DE946;205;5,579898374;38654;1640;1,124670151;3,479573171;16959,29913;28443,74687;1417,512226;3479,573171;5670,048906;10438,71951
DE947;205;5,579898374;70035;3593;1,103134147;4,735875313;17050,90917;39674,48908;1390,36867;4735,875313;5561,474679;14207,62594
DE948;205;5,579898374;43854;2183;1,151343093;4,94365552;16927,72871;39400,37061;1451,130281;4943,65552;5804,521122;14830,96656
DE949;197;5,509581218;90466;4939;1,131231623;5,205405953;16107,39003;40034,14596;1425,782178;5205,405953;5703,128711;15616,21786
DE94A;197;5,509581218;34833;2512;1,119053771;5,092754777;17187,40171;42610,39965;1410,433451;5092,754777;5641,733806;15278,26433
DE94B;197;5,509581218;40778;1212;1,12143803;2,66790429;16560,42006;21340,44929;1413,438525;2667,90429;5653,754101;8003,712871
DE94C;205;5,579898374;57191;2883;1,106957388;5,122788762;17147,52551;42921,56113;1395,187408;5122,788762;5580,749632;15368,36629
DE94D;205;5,579898374;39906;2060;1,145291435;4,810194175;17480,0395;39920,96118;1443,502889;4810,194175;5774,011557;14430,58252
DE94E;205;5,579898374;85417;9539;1,268037978;5,166159975;19665,11142;43565,5168;1598,210228;5166,159975;6392,840912;15498,47992
DE94F;205;5,579898374;36281;2022;1,149196549;5,402571711;16954,17519;43058,16885;1448,424819;5402,571711;5793,699275;16207,71513
DE94G;205;5,579898374;28667;2816;1,117033523;5,148615057;18187,3651;46215,34665;1407,88717;5148,615057;5631,548682;15445,84517
DE94H;205;5,579898374;20660;1675;1,139206196;5,053134328;17857,51788;43062,39111;1435,833173;5053,134328;5743,332691;15159,40299
DE501;215;5,010445736;90708;27833;1,14013097;6,334926167;20114,58762;60965,51998;1436,99874;6334,926167;5747,99496;19004,7785
DE502;205;5,579898374;15498;5828;1,107304168;7,52865477;18493,25797;67726,87663;1395,624483;7528,65477;5582,49793;22585,96431
DEA11;197;5,509581218;35437;36554;1,214154697;7,530201893;19348,61058;64813,50507;1530,296796;7530,201893;6121,187183;22590,60568
DEA12;197;5,509581218;47855;32893;1,212997597;6,10529596;19537,17903;53961,55701;1528,838409;6105,29596;6115,353638;18315,88788
DEA13;197;5,509581218;48171;40897;1,235743497;6,159241509;20170,36289;54780,23665;1557,506897;6159,241509;6230,027586;18477,72453
DEA14;197;5,509581218;33069;13354;1,16005927;6,067470421;18236,53509;52036,40756;1462,115979;6067,470421;5848,463917;18202,41126
DEA15;197;5,509581218;40480;15142;1,183917984;5,855402193;18636,37599;50353,60309;1492,187035;5855,402193;5968,748141;17566,20658
DEA16;197;5,509581218;20031;11149;1,253357296;5,862229796;20120,2793;51135,12289;1579,706984;5862,229796;6318,827935;17586,68939
DEA17;197;5,509581218;23433;14625;1,280501856;5,640854701;20423,91599;49040,44331;1613,919456;5640,854701;6455,677823;16922,5641
DEA18;238;4,198932073;14146;6716;1,272020359;6,127680167;24977,67748;65585,58168;1603,229543;6127,680167;6412,918171;18383,0405
DEA19;238;4,198932073;22157;10256;1,249086068;5,600672777;24172,34036;59827,78795;1574,323611;5600,672777;6297,294444;16802,01833
DEA1A;238;4,198932073;31667;22720;1,239492216;6,565889085;24377,40235;70245,51981;1562,231708;6565,889085;6248,926833;19697,66725
DEA1B;197;5,509581218;83645;8484;1,147731484;4,879184347;17229,32534;39990,61889;1446,57828;4879,184347;5786,313118;14637,55304
DEA1C;197;5,509581218;74621;22645;1,192184506;6,438661956;18410,03715;53220,46721;1502,605997;6438,661956;6010,423988;19315,98587
DEA1D;197;5,509581218;87589;17926;1,166699015;6,015006136;17771,23638;49164,33773;1470,484583;6015,006136;5881,938334;18045,01841
DEA1E;197;5,509581218;73863;10313;1,151713307;5,540870746;17605,77737;46157,81666;1451,596891;5540,870746;5806,387564;16622,61224
DEA1F;197;5,509581218;94740;18678;1,193497995;5,636497484;18164,89742;46432,54201;1504,261493;5636,497484;6017,04597;16909,49245
DEA22;197;5,509581218;38047;18396;1,181196941;6,113421396;18567,88837;51913,67812;1488,757485;6113,421396;5955,029941;18340,26419
DEA23;197;5,509581218;80344;57381;1,168400876;7,181392796;18424,01992;60801,10027;1472,629576;7181,392796;5890,518305;21544,17839
DEA24;197;5,509581218;21284;8719;1,182437512;6,328707421;18526,37292;53672,14985;1490,321077;6328,707421;5961,284307;18986,12226
DEA2D;197;5,509581218;94053;26876;1,190924266;6,082080667;18677,96719;51780,04845;1501,017616;6082,080667;6004,070463;18246,242
DEA26;197;5,509581218;66707;8814;1,135577975;5,421658725;17379,14976;44839,82254;1431,260235;5421,658725;5725,04094;16264,97617
DEA27;197;5,509581218;102630;16458;1,13923804;5,878934257;17365,37466;48030,22548;1435,873308;5878,934257;5743,493233;17636,80277
DEA28;197;5,509581218;55664;5102;1,145246479;5,268326147;17375,44462;43361,75995;1443,446228;5268,326147;5773,78491;15804,97844
DEA29;197;5,509581218;74455;5868;1,119347257;5,399284254;16858,10604;44082,83442;1410,803355;5399,284254;5643,213421;16197,85276
DEA2A;238;4,198932073;65517;9011;1,264465711;5,40877816;23668,34469;54860,71441;1593,707813;5408,77816;6374,83125;16226,33448
DEA2B;197;5,509581218;61909;10903;1,208128059;5,673255067;18453,1799;46584,87793;1522,700939;5673,255067;6090,803757;17019,7652
DEA2C;197;5,509581218;144621;19490;1,159271475;5,477783479;17400,88954;44292,49081;1461,123058;5477,783479;5844,492232;16433,35044
DEA31;197;5,509581218;16818;6928;1,322392675;5,425952656;20722,63211;46509,92079;1666,717822;5425,952656;6666,871289;16277,85797
DEA32;197;5,509581218;19028;18829;1,247056969;6,114796325;20287,09905;54431,6468;1571,766174;6114,796325;6287,064698;18344,38897
DEA33;197;5,509581218;39183;15501;1,180052574;6,555028708;17819,39338;52747,11857;1487,315148;6555,028708;5949,260591;19665,08612
DEA34;197;5,509581218;91919;8671;1,197380302;5,260638911;17565,10676;41739,39558;1509,154677;5260,638911;6036,618709;15781,91673
DEA35;197;5,509581218;53364;5775;1,226463533;5,172554113;17855,14002;40760,77162;1545,810612;5172,554113;6183,242449;15517,66234
DEA36;197;5,509581218;102127;34243;1,248151811;5,55163099;19470,43997;47112,49748;1573,146092;5551,63099;6292,584369;16654,89297
DEA37;197;5,509581218;111696;10303;1,212944062;5,307677376;17876,14581;42412,4316;1528,770936;5307,677376;6115,083743;15923,03213
DEA38;197;5,509581218;64472;8864;1,224345452;5,177967058;18508,64622;42423,22695;1543,141024;5177,967058;6172,564096;15533,90117
DEA41;238;4,198932073;42881;18789;1,268417248;5,855420725;24027,34111;60097,95229;1598,688252;5855,420725;6394,753007;17566,26217
DEA42;238;4,198932073;75434;13018;1,256873558;5,125864188;22647,68029;49890,63721;1584,138812;5125,864188;6336,555247;15377,59256
DEA43;238;4,198932073;56869;8875;1,338022473;5,308;25155,85872;54776,73434;1686,417314;5308;6745,669255;15924
DEA44;238;4,198932073;37728;4096;1,250450594;4,811279297;23710,54059;49843,88571;1576,043433;4811,279297;6304,173732;14433,83789
DEA45;238;4,198932073;78013;14249;1,29504057;5,184890168;24580,18127;53506,80468;1632,243766;5184,890168;6528,975063;15554,6705
DEA46;197;5,509581218;73868;9280;1,270022202;4,981142241;19753,32703;42495,87071;1600,711104;4981,142241;6402,844418;14943,42672
DEA47;197;5,509581218;60001;11426;1,257979034;5,533738841;18350,70114;43619,92697;1585,532131;5533,738841;6342,128525;16601,21652
DEA51;197;5,509581218;33182;25270;1,279036827;6,031519588;20606,34361;52558,84712;1612,072962;6031,519588;6448,291847;18094,55877
DEA52;197;5,509581218;57172;37110;1,227838802;6,337092428;19567,63387;54476,50403;1547,543974;6337,092428;6190,175896;19011,27728
DEA53;197;5,509581218;17937;12357;1,275185371;6,387108521;20500,06903;55616,57488;1607,218662;6387,108521;6428,874647;19161,32556
DEA54;197;5,509581218;30033;8604;1,228248926;5,682763831;19298,28124;48833,66177;1548,060886;5682,763831;6192,243545;17048,29149
DEA55;197;5,509581218;13612;10968;1,272112842;6,047273888;20645,14109;54043,05259;1603,346106;6047,273888;6413,384424;18141,82166
DEA56;238;4,198932073;44945;19929;1,299566136;5,798635155;24805,70168;60222,12886;1637,947701;5798,635155;6551,790803;17395,90546
DEA57;238;4,198932073;62125;10533;1,316394366;5,228852179;24904,81232;53691,33338;1659,157672;5228,852179;6636,630688;15686,55654
DEA58;238;4,198932073;72928;21817;1,318300241;5,500893798;25124,77329;56925,62006;1661,5598;5500,893798;6646,239199;16502,6814
DEA59;238;4,198932073;32244;4251;1,337861308;4,972124206;24753,07419;49821,69127;1686,214184;4972,124206;6744,856738;14916,37262
DEA5A;238;4,198932073;66218;9363;1,3188559;5,442699989;25315,70352;56629,06895;1662,260141;5442,699989;6649,040565;16328,09997
DEA5B;238;4,198932073;69090;10732;1,248429585;5,235184495;23049,91793;52418,76219;1573,496193;5235,184495;6293,984771;15705,55348
DEA5C;197;5,509581218;73396;19363;1,239713336;5,509735062;19156,34628;46234,15433;1562,510404;5509,735062;6250,041614;16529,20519
DE711;180;5,719675926;15583;7986;1,231277674;6,628224393;17974,16848;52236,23621;1551,878261;6628,224393;6207,513044;19884,67318
DE712;180;5,719675926;38275;39177;1,213690398;7,264747173;17937,7312;58573,33793;1529,711603;7264,747173;6118,846412;21794,24152
DE713;238;4,198932073;7735;6081;1,284421461;7,173737872;25503,66628;77289,27723;1618,859649;7173,737872;6475,438594;21521,21362
DE714;180;5,719675926;25198;14685;1,227200571;7,082601294;17825,99571;55643,81567;1546,73956;7082,601294;6186,958242;21247,80388
DE715;180;5,719675926;59144;9622;1,295718923;5,360787778;18262,85364;40778,45344;1633,098749;5360,787778;6532,394995;16082,36333
DE716;238;4,198932073;64629;10240;1,267341286;5,353955078;23535,31696;53704,11755;1597,332131;5353,955078;6389,328525;16061,86523
DE717;238;4,198932073;45735;10125;1,267825517;5,993333333;23920,34962;60846,92208;1597,942445;5993,333333;6391,769782;17980
DE718;233;3,723444206;45051;9029;1,195223191;6,067006313;21798,15415;59557,15279;1506,435897;6067,006313;6025,743588;18201,01894
DE719;238;4,198932073;84329;15539;1,281718033;5,709279876;24041,04692;57728,89598;1615,452301;5709,279876;6461,809204;17127,83963
DE71A;238;4,198932073;41976;9103;1,203806937;6,156541799;22510,64718;61385,74469;1517,254682;6156,541799;6069,018729;18469,6254
DE71B;238;4,198932073;25079;3054;1,293990988;5,057629339;24272,38852;51519,59716;1630,920894;5057,629339;6523,683575;15172,88802
DE71C;201;4,648984245;55517;14909;1,255957635;5,977765108;19956,62874;50889,80447;1582,984399;5977,765108;6331,937598;17933,29532
DE71D;201;4,648984245;41664;7248;1,251464094;5,485789183;19706,10268;46765,69397;1577,320829;5485,789183;6309,283314;16457,36755
DE71E;233;3,723444206;67367;10733;1,256535099;5,469766142;23035,4711;54260,16126;1583,712224;5469,766142;6334,848896;16409,29843
DE721;233;3,723444206;52454;9892;1,291646014;5,827183583;23983,7775;58529,89366;1627,965333;5827,183583;6511,861333;17481,55075
DE722;233;3,723444206;66528;7218;1,251202501;5,329246329;23511,88953;54264,68646;1576,991122;5329,246329;6307,96449;15987,73899
DE723;233;3,723444206;46334;4822;1,2418958;4,8973455;22962,33355;49581,8397;1565,261139;4897,3455;6261,044555;14692,0365
DE724;201;4,648984245;53698;8202;1,278632351;5,613630822;20489,47157;48899,73726;1611,563168;5613,630822;6446,252673;16840,89247
DE725;201;4,648984245;32048;2874;1,24101348;4,868649965;19994,66441;43082,18447;1564,149079;4868,649965;6256,596318;14605,9499
DE731;201;4,648984245;20139;11562;1,245891057;6,543331604;20508,25382;58536,17688;1570,296682;6543,331604;6281,18673;19629,99481
DE732;201;4,648984245;46333;8681;1,377290484;5,141861537;21338,50726;43210,4391;1735,909946;5141,861537;6943,639785;15425,58461
DE733;201;4,648984245;33807;3568;1,268139734;5,026345291;20752,15879;44863,51331;1598,338479;5026,345291;6393,353917;15079,03587
DE734;201;4,648984245;62042;7144;1,284323523;4,922732363;20482,02476;42866,39973;1618,736209;4922,732363;6474,944837;14768,19709
DE735;201;4,648984245;50464;5038;1,290860812;4,934001588;20922,11362;43793,75422;1626,97568;4934,001588;6507,90272;14802,00476
DE736;201;4,648984245;43072;5467;1,25508451;4,884214377;20198,5127;43037,05225;1581,88393;4884,214377;6327,53572;14652,64313
DE737;264;3,460621843;29380;3435;1,247821647;4,823726346;27370,39708;58263,78367;1572,729961;4823,726346;6290,919842;14471,17904
DEB11;197;5,509581218;14009;7307;1,244913984;5,978924319;19769,55463;51236,64224;1569,065198;5978,924319;6276,260794;17936,77296
DEB12;238;4,198932073;35910;4869;1,17048176;5,299445471;21773,92699;53619,12934;1475,252281;5299,445471;5901,009126;15898,33641
DEB13;180;5,719675926;40473;3189;1,201467645;4,959078081;17046,89135;38564,91041;1514,306284;4959,078081;6057,225136;14877,23424
DEB14;180;5,719675926;43203;4968;1,165636646;5,615539452;16543,63836;43686,02253;1469,145594;5615,539452;5876,582377;16846,61836
DEB15;238;4,198932073;25776;2791;1,188314711;5,314045145;22973,0825;56151,60261;1497,728584;5314,045145;5990,914336;15942,13544
DEB1C;201;4,648984245;22300;1696;1,15690583;4,265625;18560,3418;37719,1668;1458,141445;4265,625;5832,565779;12796,875
DEB17;201;4,648984245;56675;8251;1,19687693;5,097503333;18731,17474;43610,78508;1508,520237;5097,503333;6034,080946;15292,51
DEB18;197;5,509581218;49408;6156;1,198813957;4,971816114;18433,39424;41748,21663;1510,961628;4971,816114;6043,846512;14915,44834
DEB1D;197;5,509581218;30748;3284;1,200110576;5,006699147;18277,06;41730,35776;1512,595861;5006,699147;6050,383445;15020,09744
DEB1A;197;5,509581218;33184;4955;1,231647782;5,118970737;19182,25537;44008,84593;1552,344738;5118,970737;6209,37895;15356,91221
DEB1B;201;4,648984245;60666;4967;1,19699667;5,051741494;18619,23192;42978,54513;1508,671155;5051,741494;6034,68462;15155,22448
DEB21;201;4,648984245;13882;6822;1,230946549;5,918132512;19934,94661;52401,69271;1551,460918;5918,132512;6205,843671;17754,39754
DEB22;201;4,648984245;37399;3302;1,175860317;5,022107813;18605,86341;43841,15406;1482,03131;5022,107813;5928,125238;15066,32344
DEB23;180;5,719675926;32969;2206;1,177166429;4,348141432;16479,02924;33311,79137;1483,677507;4348,141432;5934,71003;13044,4243
DEB24;180;5,719675926;22173;1483;1,165787219;4,643627782;16382,06629;35790,16396;1469,335374;4643,627782;5877,341494;13930,88334
DEB25;180;5,719675926;43525;3835;1,186812177;4,831029987;16218,90098;36048,92216;1495,834819;4831,029987;5983,339276;14493,08996
DEB31;180;5,719675926;7007;1415;1,164121593;4,562190813;16666,94917;36121,1298;1467,236051;4562,190813;5868,944205;13686,57244
DEB32;238;4,198932073;14571;5731;1,237183447;6,276653289;23582,17966;64628,35875;1559,321781;6276,653289;6237,287123;18829,95987
DEB33;238;4,198932073;8344;2158;1,144534995;6,123725672;22041,51997;64118,15521;1442,549487;6123,725672;5770,19795;18371,17702
DEB34;180;5,719675926;19745;7680;1,18374272;6,928320313;17210,28629;55334,66146;1491,966135;6928,320313;5967,864541;20784,96094
DEB35;180;5,719675926;22136;9356;1,203830864;7,25293929;17033,38622;55013,2962;1517,284839;7252,93929;6069,139354;21758,81787
DEB36;180;5,719675926;11317;2527;1,189449501;5,882271468;17393,84879;47174,91455;1499,15885;5882,271468;5996,635402;17646,8144
DEB37;238;4,198932073;7597;2967;1,277609583;5,54752275;25964,42235;61055,16271;1610,274091;5547,52275;6441,096363;16642,56825
DEB38;180;5,719675926;7543;2647;1,192628927;6,13279184;17241,70134;48341,42298;1503,166138;6132,79184;6012,66455;18398,37552
DEB39;180;5,719675926;15152;3898;1,173970433;6,116598256;16927,14147;48531,58163;1479,649337;6116,598256;5918,597346;18349,79477
DEB3A;238;4,198932073;7778;1650;1,258806891;5,552727273;24885,47373;59843,47104;1586,575547;5552,727273;6346,302187;16658,18182
DEB3B;238;4,198932073;37850;2782;1,147556143;5,478253055;21029,53301;55411,6313;1446,357283;5478,253055;5785,42913;16434,75917
DEB3C;238;4,198932073;39822;3761;1,148385315;5,490428078;21521,79357;56186,31733;1447,402355;5490,428078;5789,609419;16471,28423
DEB3D;238;4,198932073;23359;1874;1,160880175;5,3452508;21772,18864;55291,83614;1463,150631;5345,2508;5852,602526;16035,7524
DEB3E;238;4,198932073;31463;3497;1,166385914;5,865885044;21380,69877;58157,62575;1470,089957;5865,885044;5880,359828;17597,65513
DEB3F;238;4,198932073;36108;3222;1,224548576;4,975946617;22254,88785;49334,4411;1543,397038;4975,946617;6173,588152;14927,83985
DEB3G;238;4,198932073;25757;1407;1,196839694;4,69047619;22959,92866;49922,2843;1508,473305;4690,47619;6033,893221;14071,42857
DEB3H;238;4,198932073;33780;2895;1,165808171;5,44611399;21643,83635;55321,84043;1469,361781;5446,11399;5877,447123;16338,34197
DEB3I;180;5,719675926;41620;3675;1,158938011;4,868571429;16133,50101;37013,78656;1460,702766;4868,571429;5842,811063;14605,71429
DEB3J;180;5,719675926;52798;7143;1,191522406;5,46948061;16291,95732;41110,42752;1501,7715;5469,48061;6007,085999;16408,44183
DEB3K;180;5,719675926;33227;1909;1,22863936;4,204819277;17446,8893;32409,70699;1548,552981;4204,819277;6194,211923;12614,45783
DE111;180;5,719675926;38701;38711;1,304694969;6,385807652;19223,00225;52092,51292;1644,411981;6385,807652;6577,647925;19157,42295
DE112;180;5,719675926;66074;14547;1,2487514;6,14329415;17128,97016;45043,86253;1573,901802;6143,29415;6295,60721;18429,88245
DE113;224;3,668061756;89535;24029;1,262400179;5,80754505;22304,44114;55102,84943;1591,104456;5807,54505;6364,417823;17422,63515
DE114;247;3,802091768;51651;9796;1,305531355;5,604328297;25527,13492;59567,27836;1645,466145;5604,328297;6581,86458;16812,98489
DE115;180;5,719675926;88141;23405;1,248420145;5,949070711;17324,53075;44494,33415;1573,484295;5949,070711;6293,937181;17847,21213
DE116;180;5,719675926;72783;19626;1,299671627;5,52432997;18184,77613;41681,43366;1638,080659;5524,32997;6552,322635;16572,98991
DE117;180;5,719675926;15466;6575;1,253976465;6,042813688;18202,95321;47390,77928;1580,487371;6042,813688;6321,949486;18128,44106
DE118;224;3,668061756;78097;9602;1,237896462;5,165017705;21143,44065;48085,61848;1560,220451;5165,017705;6240,881806;15495,05311
DE119;224;3,668061756;25608;2934;1,251601062;5,272154056;21479,32632;49393,70514;1577,493461;5272,154056;6309,973844;15816,46217
DE11A;224;3,668061756;44154;5823;1,267790008;5,520092736;21850,42256;51813,51093;1597,897691;5520,092736;6391,590763;16560,27821
DE11B;224;3,668061756;33417;3924;1,283268995;4,833460754;22455,65882;46308,85816;1617,407103;4833,460754;6469,628411;14500,38226
DE11C;247;3,802091768;31406;3914;1,232949118;5,718446602;24504,53958;61556,72274;1553,984916;5718,446602;6215,939663;17155,33981
DE11D;224;3,668061756;70875;9578;1,305749559;5,523021508;22764,15966;51985,59152;1645,741166;5523,021508;6582,964663;16569,06452
DE121;180;5,719675926;7795;3472;1,307119949;5,887384793;18630,28052;45991,00429;1647,468378;5887,384793;6589,873512;17662,15438
DE122;180;5,719675926;25639;16143;1,23936191;7,057919841;17925,20502;55488,44254;1562,067473;7057,919841;6248,269891;21173,75952
DE123;180;5,719675926;97251;15469;1,259709412;5,425916349;17398,74765;40534,88284;1587,713066;5425,916349;6350,852263;16277,74905
DE124;180;5,719675926;45842;8973;1,319466864;5,564916973;18309,85321;41777,47524;1663,030189;5564,916973;6652,120755;16694,75092
DE125;180;5,719675926;11531;8600;1,284970948;6,381395349;18673,48801;51008,23768;1619,552211;6381,395349;6478,208845;19144,18605
DE126;180;5,719675926;24507;16836;1,248704452;7,215668805;18112,62374;57356,12645;1573,84263;7215,668805;6295,37052;21647,00641
DE127;224;3,668061756;38438;3526;1,270903793;4,957175269;22366,05724;47259,16395;1601,822245;4957,175269;6407,288979;14871,52581
DE128;238;4,198932073;109748;22500;1,269608558;5,600066667;23466,22762;55742,59947;1600,189756;5600,066667;6400,759023;16800,2
DE129;238;4,198932073;12056;6259;1,234820836;6,864515098;23539,54971;70351,62058;1556,343993;6864,515098;6225,375971;20593,54529
DE12A;180;5,719675926;33357;6199;1,295919897;5,46604291;17990,79267;41417,58089;1633,352052;5466,04291;6533,408208;16398,12873
DE12B;247;3,802091768;48545;5650;1,256895664;4,846637168;24092,86661;50679,46071;1584,166673;4846,637168;6336,666692;14539,9115
DE12C;247;3,802091768;25917;4845;1,300073311;5,234158927;25511,81668;56290,17737;1638,586934;5234,158927;6554,347735;15702,47678
DE131;180;5,719675926;14805;11813;1,274164134;6,839752815;18057,6902;52578,95335;1605,931514;6839,752815;6423,726057;20519,25844
DE132;180;5,719675926;47117;11540;1,297196341;5,483795494;17700,61763;40689,99335;1634,960857;5483,795494;6539,843429;16451,38648
DE133;180;5,719675926;28787;7174;1,319623441;5,417340396;18051,02951;40451,17949;1663,227535;5417,340396;6652,910139;16252,02119
DE134;180;5,719675926;82661;16590;1,330155696;5,403676914;18512,93003;41056,57874;1676,502183;5403,676914;6706,008731;16211,03074
DE135;264;3,460621843;34667;4570;1,270055096;5,209846827;26457,33842;59501,93427;1600,752563;5209,846827;6403,010253;15629,54048
DE136;264;3,460621843;37773;9635;1,315145739;5,750285418;27591,88053;65807,85148;1657,583927;5750,285418;6630,335707;17250,85625
DE137;287;2,441695703;32550;4106;1,243102919;4,886872869;27974,00672;60322,68333;1566,782567;4886,872869;6267,130269;14660,61861
DE138;287;2,441695703;42680;13521;1,267994377;6,109052585;28364,01823;74590,42002;1598,155273;6109,052585;6392,621094;18327,15775
DE139;180;5,719675926;38494;10002;1,256091858;5,981803639;17423,03875;45553,3562;1583,153573;5981,803639;6332,61429;17945,41092
DE13A;238;4,198932073;32469;6778;1,308817641;5,012983181;24111,27616;50889,0672;1649,608117;5012,983181;6598,432466;15038,94954
DE141;247;3,802091768;60708;9921;1,221239375;5,749672412;23670,23559;60573,68163;1539,226186;5749,672412;6156,904742;17249,01724
DE142;238;4,198932073;40937;8174;1,251483988;5,760215317;22933,00916;57505,72752;1577,345902;5760,215317;6309,38361;17280,64595
DE143;247;3,802091768;54294;4691;1,164566987;5,455233426;22901,94068;58463,80524;1467,797418;5455,233426;5871,189671;16365,70028
DE144;224;3,668061756;14782;6066;1,232647815;6,643092648;21435,7616;62767,2001;1553,605159;6643,092648;6214,420637;19929,27794
DE145;224;3,668061756;48560;4795;1,239579901;5,33806048;21308,8195;49787,3944;1562,342225;5338,06048;6249,3689;16014,18144
DE146;224;3,668061756;49799;4277;1,202514107;4,846153846;20451,80476;45461,59115;1515,625224;4846,153846;6062,500895;14538,46154
DE147;224;3,668061756;37021;10314;1,268172119;5,679949583;21645,27804;52639,65961;1598,379296;5679,949583;6393,517183;17039,84875
DE148;224;3,668061756;56504;9966;1,24619496;5,660395344;21577,21398;53430,26352;1570,679715;5660,395344;6282,718861;16981,18603
DE149;247;3,802091768;33330;3620;1,216441644;5,394198895;23313,85124;56685,84688;1533,179219;5394,198895;6132,716877;16182,59669
DE211;224;3,668061756;21003;5017;1,186116269;6,614610325;19666,30503;58863,04274;1494,957711;6614,610325;5979,830842;19843,83097
DE212;224;3,668061756;80917;58936;1,164094072;8,780634926;20451,7225;82265,02439;1467,201364;8780,634926;5868,805457;26341,90478
DE213;237;3,023470464;7365;3065;1,198234895;6,903425775;22036,50419;68100,97882;1510,231789;6903,425775;6040,927156;20710,27732
DE214;237;3,023470464;25996;2938;1,17891214;6,287950987;21447,05973;61908,90629;1485,877768;6287,950987;5943,511071;18863,85296
DE215;237;3,023470464;18095;4880;1,282232661;5,874795082;23821,06743;59212,64864;1616,100928;5874,795082;6464,403712;17624,38525
DE216;237;3,023470464;23195;4722;1,24186247;5,20468022;22498,05785;51307,91076;1565,219131;5204,68022;6260,876522;15614,04066
DE217;224;3,668061756;28162;4897;1,228925502;5,966918522;20165,69074;52611,35284;1548,91363;5966,918522;6195,654519;17900,75556
DE218;224;3,668061756;27909;4018;1,176753019;6,082254853;19489,02918;53888,69655;1483,156453;6082,254853;5932,625813;18246,76456
DE219;224;3,668061756;34737;2276;1,206926332;5,114235501;19941,62961;45515,8025;1521,186306;5114,235501;6084,745225;15342,7065
DE21A;224;3,668061756;28370;3410;1,214310892;5,201759531;19587,59704;45716,21972;1530,493661;5201,759531;6121,974643;15605,27859
DE21B;224;3,668061756;32784;5955;1,218795754;6,038706969;19955,78727;53501,42887;1536,146293;6038,706969;6144,585173;18116,12091
DE21C;224;3,668061756;40740;6942;1,152675503;6,477960242;19342,75619;57965,25641;1452,809624;6477,960242;5811,238497;19433,88073
DE21D;237;3,023470464;14837;5975;1,302082631;5,399330544;24350,275;55074,58178;1641,119442;5399,330544;6564,477767;16197,99163
DE21E;224;3,668061756;29195;3064;1,190546326;5,742493473;19511,96289;51336,95926;1500,541268;5742,493473;6002,165072;17227,48042
DE21F;224;3,668061756;19805;4433;1,246250947;5,199187909;21448,56585;48922,7135;1570,75028;5199,187909;6283,001121;15597,56373
DE21G;224;3,668061756;26875;2604;1,168446512;5,954301075;19715,84399;54500,40008;1472,687094;5954,301075;5890,748377;17862,90323
DE21H;224;3,668061756;56763;11231;1,144107958;7,007034102;18903,79147;61756,1446;1442,011258;7007,034102;5768,045031;21021,10231
DE21I;224;3,668061756;24404;1915;1,199885265;5,685900783;20164,52079;51471,97709;1512,311883;5685,900783;6049,247531;17057,70235
DE21J;287;2,441695703;31329;2745;1,208720355;5,324043716;25615,33821;60878,43616;1523,447458;5324,043716;6093,78983;15972,13115
DE21K;224;3,668061756;55247;9269;1,231143773;5,482738159;20607,98683;50031,94314;1551,709494;5482,738159;6206,837975;16448,21448
DE21L;224;3,668061756;28598;4911;1,18567732;6,006210548;20142,74218;54844,49159;1494,404468;6006,210548;5977,617871;18018,63164
DE21M;224;3,668061756;39740;6446;1,251308505;5,637372014;21531,35891;52682,36533;1577,124728;5637,372014;6308,498912;16912,11604
DE21N;224;3,668061756;30130;4453;1,224726187;5,642151359;20743,49356;52116,35423;1543,620894;5642,151359;6174,483576;16926,45408
DE221;224;3,668061756;9949;2872;1,167152478;6,941155989;19936,12225;63556,9372;1471,056119;6941,155989;5884,224477;20823,46797
DE222;224;3,668061756;8003;2061;1,223916031;5,234352256;21521,85074;50218,39731;1542,599791;5234,352256;6170,399162;15703,05677
DE223;287;2,441695703;7979;2185;1,160797092;6,224256293;26100,46274;75262,04526;1463,045916;6224,256293;5852,183665;18672,76888
DE224;233;3,723444206;30575;2992;1,20156991;5,681985294;21177,75703;54254,65187;1514,435177;5681,985294;6057,740707;17045,95588
DE225;224;3,668061756;22756;1421;1,274740728;3,674524982;21822,40789;34283,00719;1606,658242;3674,524982;6426,632968;11023,57495
DE226;224;3,668061756;30568;2514;1,194778854;5,072991249;20032,78479;46066,18509;1505,875862;5072,991249;6023,50345;15218,97375
DE227;224;3,668061756;42253;2563;1,184483942;5,071985954;19474,97358;45510,32492;1492,900357;5071,985954;5971,601429;15215,95786
DE228;224;3,668061756;52133;4416;1,226727792;5,464673913;20666,40941;50194,52756;1546,143679;5464,673913;6184,574716;16394,02174
DE229;224;3,668061756;21103;2519;1,305075108;5,235410877;22643,51161;49198,18042;1644,891101;5235,410877;6579,564402;15706,23263
DE22A;224;3,668061756;34703;1934;1,154799297;4,95475698;19739,85428;46539,74469;1455,486412;4954,75698;5821,945649;14864,27094
DE22B;224;3,668061756;29795;1272;1,17969458;4,617531447;19548,47486;41805,00703;1486,863939;4617,531447;5947,455756;13852,59434
DE22C;224;3,668061756;27349;1441;1,14954843;5,097501735;19258,97944;46904,609;1448,868322;5097,501735;5795,473288;15292,5052
DE231;224;3,668061756;6986;2233;1,227311766;5,486341245;22023,38595;53300,7122;1546,879708;5486,341245;6187,518833;16459,02373
DE232;224;3,668061756;13399;7817;1,200014926;7,329346297;20706,00607;68428,18376;1512,475306;7329,346297;6049,901224;21988,03889
DE233;233;3,723444206;6617;2377;1,270213088;5,195624737;23597,67281;52715,77564;1600,951693;5195,624737;6403,806772;15586,87421
DE234;224;3,668061756;27701;2882;1,307209126;5,006939625;22364,52283;46407,72702;1647,580775;5006,939625;6590,323101;15020,81888
DE235;224;3,668061756;36180;2994;1,28029298;5,038243153;21845,55046;46725,28906;1613,656192;5038,243153;6454,624766;15114,72946
DE236;224;3,668061756;34716;2269;1,204487844;5,859409431;20089,44706;52542,44337;1518,112884;5859,409431;6072,451536;17578,22829
DE237;233;3,723444206;26344;2559;1,301093228;4,831574834;23234,81573;46886,97958;1639,872417;4831,574834;6559,489669;14494,7245
DE238;233;3,723444206;48476;4566;1,231495998;4,815045992;21060,26473;44668,78151;1552,153432;4815,045992;6208,613728;14445,13798
DE239;233;3,723444206;37870;3878;1,308608397;5,063563693;23536,18453;49014,02799;1649,344389;5063,563693;6597,377557;15190,69108
DE23A;224;3,668061756;19689;2315;1,312458733;5,202807775;23425,56782;50740,6404;1654,197277;5202,807775;6616,78911;15608,42333
DE241;224;3,668061756;8088;4932;1,275840752;6,031832928;23144,01843;60328,61483;1608,044691;6031,832928;6432,178763;18095,49878
DE242;224;3,668061756;9467;4031;1,192563642;6,399652692;21363,76934;62134,01215;1503,083853;6399,652692;6012,335413;19198,95807
DE243;224;3,668061756;7221;2340;1,205096247;5,864957265;21744,69589;57851,51807;1518,879703;5864,957265;6075,518812;17594,87179
DE244;233;3,723444206;6870;2814;1,21426492;5,323205402;23036,5995;55840,74889;1530,435719;5323,205402;6121,742874;15969,6162
DE245;233;3,723444206;35875;4314;1,306146341;4,875057951;22925,30499;46567,01949;1646,241262;4875,057951;6584,96505;14625,17385
DE246;233;3,723444206;28785;3233;1,277297203;5,026909991;23074,45885;49711,69235;1609,880374;5026,909991;6439,521496;15080,72997
DE247;233;3,723444206;22407;2585;1,240148168;4,850290135;22709,6021;48634,2922;1563,058457;4850,290135;6252,23383;14550,87041
DE248;233;3,723444206;28450;3649;1,27887522;5,09591669;22509,52257;48672,26543;1611,869275;5095,91669;6447,477099;15287,75007
DE249;224;3,668061756;28565;3511;1,252371784;5,029621191;22811,23016;50295,49048;1578,464863;5029,621191;6313,859453;15088,86357
DE24A;224;3,668061756;20613;1416;1,272497938;4,138418079;23118,87708;40923,42009;1603,831474;4138,418079;6415,325896;12415,25424
DE24B;224;3,668061756;19775;2469;1,263666245;4,9981774;22427,84974;48815,57154;1592,700181;4998,1774;6370,800725;14994,5322
DE24C;233;3,723444206;18066;1927;1,256614635;5,21380384;23433,23397;53142,03533;1583,81247;5213,80384;6335,249881;15641,41152
DE24D;233;3,723444206;19527;3447;1,247042556;5,318247752;24056,2203;56472,65084;1571,74801;5318,247752;6286,992038;15954,74326
DE251;224;3,668061756;7465;2169;1,222505023;5,600507146;21915,82482;55043,30504;1540,821384;5600,507146;6163,285535;16801,52144
DE252;224;3,668061756;13760;5246;1,173328488;6,819767442;20658,80591;64015,26036;1478,840242;6819,767442;5915,360969;20459,30233
DE253;224;3,668061756;13005;5853;1,167704729;7,246283957;20310,54174;68666,76598;1471,752166;7246,283957;5887,008664;21738,85187
DE254;224;3,668061756;46897;24511;1,137748683;7,870445922;20688,87228;76638,93584;1433,996153;7870,445922;5735,984611;23611,33777
DE255;224;3,668061756;7907;1560;1,199822942;5,173717949;21432,581;49950,43209;1512,233332;5173,717949;6048,933329;15521,15385
DE256;224;3,668061756;48506;4414;1,252958397;5,059016765;21601,57518;47731,06553;1579,204219;5059,016765;6316,816876;15177,05029
DE257;224;3,668061756;33339;3999;1,231170701;5,221805451;20534,98645;47034,73077;1551,743434;5221,805451;6206,973735;15665,41635
DE258;224;3,668061756;26364;4212;1,217759065;5,679487179;20603,71062;51762,55229;1534,839671;5679,487179;6139,358684;17038,46154
DE259;224;3,668061756;40666;5545;1,217036345;5,754553652;21226,81082;54352,10819;1533,928768;5754,553652;6135,715073;17263,66096
DE25A;224;3,668061756;26771;2453;1,241791491;4,810843865;21524,65841;45863,5346;1565,129669;4810,843865;6260,518677;14432,53159
DE25B;224;3,668061756;32575;3279;1,215932464;5,012961269;20779,90345;46242,39466;1532,537458;5012,961269;6130,149832;15038,88381
DE25C;224;3,668061756;23705;2684;1,260620122;5,018815201;22015,65198;47973,74122;1588,860908;5018,815201;6355,443631;15056,4456
DE261;238;4,198932073;8505;4293;1,294767784;6,059748428;24290,54585;61867,52774;1631,899951;6059,748428;6527,599804;18179,24528
DE262;224;3,668061756;6054;3048;1,21374298;6,49835958;22262,10336;65054,80849;1529,777876;6498,35958;6119,111502;19495,07874
DE263;224;3,668061756;13291;6962;1,253479798;7,429833381;22223,19113;70444,71137;1579,861383;7429,833381;6319,445533;22289,50014
DE264;224;3,668061756;42341;5650;1,347393779;4,887256637;23331,81412;45858,31279;1698,228725;4887,256637;6792,914899;14661,76991
DE265;224;3,668061756;26522;3461;1,315473946;5,280988154;23005,68247;50056,99223;1657,997593;5280,988154;6631,990371;15842,96446
DE266;224;3,668061756;22290;2309;1,25482279;5,129709831;22083,63585;49274,51032;1581,554064;5129,709831;6326,216257;15389,12949
DE267;224;3,668061756;23468;2002;1,252769729;5,003246753;21893,25209;47772,48927;1578,966426;5003,246753;6315,865703;15009,74026
DE268;224;3,668061756;22616;2866;1,269543686;5,103454292;22400,59897;49507,34894;1600,107992;5103,454292;6400,431969;15310,36288
DE269;224;3,668061756;31895;4188;1,31694623;5,018385864;22927,25262;47497,57313;1659,85323;5018,385864;6639,412921;15055,15759
DE26A;224;3,668061756;34955;3479;1,295351166;4,722190285;22586,82537;44771,12471;1632,635234;4722,190285;6530,540938;14166,57085
DE26B;224;3,668061756;30123;3107;1,283836271;4,828130029;22306,79106;45517,69435;1618,122087;4828,130029;6472,488348;14484,39009
DE26C;224;3,668061756;40397;4690;1,29348714;4,756396588;22171,55501;44524,31104;1630,285853;4756,396588;6521,143412;14269,18977
DE271;224;3,668061756;24442;13553;1,159970543;7,620489928;20889,31059;73854,28693;1462,004149;7620,489928;5848,016596;22861,46979
DE272;237;3,023470464;7033;1998;1,127825963;6,53978979;21489,98194;65552,33111;1421,489751;6539,78979;5685,959004;19619,36937
DE273;237;3,023470464;7303;3226;1,18992195;6,760074396;22102,7035;67708,72903;1499,754316;6760,074396;5999,017264;20280,22319
DE274;224;3,668061756;7369;1714;1,151038133;6,573803967;20322,88177;62684,92634;1450,745915;6573,803967;5802,983658;19721,4119
DE275;224;3,668061756;33407;2744;1,19471967;5,120080175;20032,06427;46237,40965;1505,801268;5120,080175;6023,205072;15360,24052
DE276;224;3,668061756;58657;6638;1,166254667;6,10952094;19698,25537;55610,14575;1469,924536;6109,52094;5879,698145;18328,56282
DE277;224;3,668061756;27191;1624;1,16145048;5,661637931;19964,79821;52904,02694;1463,869433;5661,637931;5855,477732;16984,91379
DE278;224;3,668061756;33379;2710;1,165373438;5,633394834;20194,86705;52981,12214;1468,813853;5633,394834;5875,255412;16900,1845
DE279;224;3,668061756;36460;5452;1,188782227;6,14902788;20542,69931;56996,87169;1498,317832;6149,02788;5993,271327;18447,08364
DE27A;224;3,668061756;14375;4232;1,30066087;5,611531191;22544,73943;53415,32032;1639,327481;5611,531191;6557,309924;16834,59357
DE27B;224;3,668061756;34071;4798;1,219776349;5,371300542;20789,38776;49917,86461;1537,382216;5371,300542;6149,528865;16113,90163
DE27C;224;3,668061756;39056;3052;1,152959853;5,012287025;19722,48722;47177,04387;1453,168013;5012,287025;5812,67205;15036,86107
DE27D;224;3,668061756;35657;2635;1,201671481;5,099240987;20696,81868;47760,08899;1514,563195;5099,240987;6058,25278;15297,72296
DE27E;237;3,023470464;28503;8667;1,298740483;5,667762778;23597,41439;56309,61258;1636,907064;5667,762778;6547,628256;17003,28834
DEC01;238;4,198932073;68412;15945;1,281924224;5,69062402;25428,8958;61807,9531;1615,71218;5690,62402;6462,848719;17071,87206
DEC02;238;4,198932073;34776;1471;1,167097999;3,99932019;22044,2568;41220,16683;1470,987455;3999,32019;5883,94982;11997,96057
DEC03;238;4,198932073;38346;4262;1,285192719;5,195565462;25260,91641;55936,2939;1619,831727;5195,565462;6479,326908;15586,69639
DEC04;238;4,198932073;60575;4547;1,22091622;4,743017374;23576,69316;49901,01221;1538,818886;4743,017374;6155,275545;14229,05212
DEC05;238;4,198932073;43936;3609;1,22776311;5,413826545;23846,73935;56957,97661;1547,448573;5413,826545;6189,794292;16241,47963
DEC06;205;4,195670732;29394;1363;1,233653126;4,153705062;20419,92012;37440,15248;1554,872234;4153,705062;6219,488937;12461,11519
DE300;205;4,195670732;176655;140583;1,101067052;9,214513846;17868,93478;82099,57654;1387,763343;9214,513846;5551,053371;27643,54154
DE401;205;4,195670732;8584;4353;1,114049394;7,332988743;17918,31919;67497,00505;1404,126033;7332,988743;5616,504133;21998,96623
DE402;205;4,195670732;10465;4593;1,13473483;8,187459177;17318,94355;69863,90612;1430,197552;8187,459177;5720,790207;24562,37753
DE403;205;4,195670732;5568;2746;1,111889368;8,282592862;17142,03563;71707,34996;1401,403578;8282,592862;5605,614313;24847,77859
DE404;205;4,195670732;12176;7759;1,130913272;7,969583709;17101,46798;67665,16337;1425,380934;7969,583709;5701,523737;23908,75113
DE405;205;4,195670732;42994;5728;1,099432479;6,845321229;16331,23321;57877,76277;1385,703159;6845,321229;5542,812638;20535,96369
DE406;205;4,195670732;43223;4689;1,113018532;6,620814673;16937,34267;57381,13368;1402,826754;6620,814673;5611,307017;19862,44402
DE407;205;4,195670732;29725;3544;1,198553406;6,3501693;20042,82748;60963,00305;1510,633235;6350,1693;6042,532938;19050,5079
DE408;205;4,195670732;39599;5052;1,104977398;6,426266825;16551,83469;55047,98814;1392,691867;6426,266825;5570,767469;19278,80048
DE409;205;4,195670732;50872;5818;1,096005661;6,715795806;16617,55781;57566,13;1381,384066;6715,795806;5525,536262;20147,38742
DE40A;205;4,195670732;49935;6802;1,10401522;6,541311379;16559,36955;56046,4491;1391,479156;6541,311379;5565,916625;19623,93414
DE40B;205;4,195670732;24343;4931;1,158115269;7,358243764;19186,64162;69558,42001;1459,665799;7358,243764;5838,663195;22074,73129
DE40C;205;4,195670732;42774;6185;1,119862533;7,173484236;17278,14063;62689,21801;1411,4528;7173,484236;5645,811199;21520,45271
DE40D;205;4,195670732;24602;4036;1,130273961;6,510406343;18319,09179;60486,29954;1424,57516;6510,406343;5698,30064;19531,21903
DE40E;205;4,195670732;55913;5169;1,117736483;6,291642484;16949,53188;54612,7993;1408,773168;6291,642484;5635,092673;18874,92745
DE40F;205;4,195670732;21261;3278;1,146559428;6,26876144;19148,9722;60567,00977;1445,101043;6268,76144;5780,404172;18806,28432
DE40G;205;4,195670732;29020;4576;1,163955892;6,841564685;18576,67476;62138,85846;1467,027206;6841,564685;5868,108824;20524,69406
DE40H;205;4,195670732;38761;5740;1,126131937;6,614372822;17367,89572;58439,87924;1419,354633;6614,372822;5677,418532;19843,11847
DE40I;205;4,195670732;26279;5144;1,121085277;7,414463453;18113,41728;67442,99782;1412,993922;7414,463453;5651,975689;22243,39036
DE80N;218;4,814908257;4007;3031;1,121287746;8,225338172;17841,95403;72197,52411;1413,24911;8225,338172;5652,996442;24676,01452
DE80J;218;4,814908257;5125;3014;1,089365854;8,521068348;17056,87009;72954,59721;1373,015382;8521,068348;5492,061529;25563,20504
DE803;205;4,195670732;11290;9776;1,109034544;8,682436579;16930,83194;73249,28761;1397,805414;8682,436579;5591,221656;26047,30974
DE804;205;4,195670732;7394;5848;1,121720314;7,965800274;16947,87806;67309,46029;1413,79431;7965,800274;5655,17724;23897,40082
DE80L;218;4,814908257;5564;2940;1,098849748;8,377721088;18193,6373;76428,71628;1384,968697;8377,721088;5539,874789;25133,16327
DE80M;218;4,814908257;4518;2834;1,140106242;7,19460127;19027,03706;66774,78912;1436,967573;7194,60127;5747,870293;21583,80381
DE80K;218;4,814908257;31498;3619;1,118483713;6,348300636;17201,56418;54643,30477;1409,714962;6348,300636;5638,859848;19044,90191
DE80J;218;4,814908257;20247;2950;1,118140959;6,739661017;19847,46408;67955,38725;1409,282961;6739,661017;5637,131846;20218,98305
DE80K;218;4,814908257;21654;3888;1,141405745;6,134902263;19649,81043;60608,38262;1438,605442;6134,902263;5754,421767;18404,70679
DE80O;218;4,814908257;31389;4088;1,148459651;6,157289628;19284,18798;59094,08356;1447,496047;6157,289628;5789,984189;18471,86888
DE80J;218;4,814908257;18457;3097;1,124722328;6,899095899;18614,28653;64460,44806;1417,577989;6899,095899;5670,311957;20697,2877
DE80J;218;4,814908257;14907;2626;1,141275911;6,77970297;19158,8332;64259,7726;1438,441801;6779,70297;5753,767204;20339,10891
DE80L;218;4,814908257;30538;3612;1,110616281;6,424003322;18481,92125;60074,943;1399,799005;6424,003322;5599,19602;19272,00997
DE80M;218;4,814908257;31636;3586;1,114711089;6,203290574;18172,41501;56789,3728;1404,96002;6203,290574;5619,840079;18609,87172
DE80N;218;4,814908257;27020;4269;1,129200592;6,576130241;18739,24122;61350,00824;1423,222306;6576,130241;5692,889225;19728,39072
DE80O;218;4,814908257;25434;3164;1,140363293;6,192635904;19404,06453;59953,97817;1437,291556;6192,635904;5749,166224;18577,90771
DE80L;218;4,814908257;13535;3338;1,166531215;7,079688436;18941,99524;63617,52384;1470,273092;7079,688436;5881,09237;21239,06531
DE80N;218;4,814908257;16173;2850;1,113893526;7,16245614;19554,99005;70758,9099;1403,92958;7162,45614;5615,718321;21487,36842
DED41;214;4,341063084;18271;13855;1,201302611;8,178166727;20191,41142;77863,65953;1514,098278;8178,166727;6056,393112;24534,50018
DED42;287;2,441695703;62707;20669;1,340791299;5,802772268;31193,69999;77979,38886;1689,907089;5802,772268;6759,628354;17408,3168
DED43;205;4,195670732;62703;16959;1,228521761;6,21148063;20277,42099;59074,45401;1548,404762;6211,48063;6193,619049;18634,44189
DED44;233;3,723444206;45902;13885;1,257200122;6,401980555;23908,74878;70428,45517;1584,550406;6401,980555;6338,201625;19205,94166
DED45;233;3,723444206;52832;20328;1,276726227;6,375172176;23973,40583;69196,58399;1609,160726;6375,172176;6436,642904;19125,51653
DED21;205;4,195670732;30704;26348;1,186262376;8,309776833;19105,23742;75786,64331;1495,141861;8309,776833;5980,567444;24929,3305
DED2C;233;3,723444206;66616;12174;1,207217485;6,674593396;22302,98673;70539,81643;1521,55327;6674,593396;6086,21308;20023,78019
DED2D;214;4,341063084;56088;13277;1,193071602;6,912404911;20737,3042;68738,89586;1503,724076;6912,404911;6014,896302;20737,21473
DED2E;205;4,195670732;46597;11950;1,21072172;6,640753138;19751,91938;61939,34543;1525,969939;6640,753138;6103,879757;19922,25941
DED2F;197;5,509581218;45867;12596;1,232476508;6,313512226;19117,51532;56145,91658;1553,389248;6313,512226;6213,556991;18940,53668
DED51;205;4,195670732;31153;28369;1,111417841;9,087771864;17736,6836;81894,42027;1400,809275;9087,771864;5603,2371;27263,31559
DED52;205;4,195670732;57323;11833;1,16804773;6,497464717;18616,34517;59213,0318;1472,184477;6497,464717;5888,737909;19492,39415
DED53;205;4,195670732;45017;8616;1,172201613;6,747446611;18807,91281;61747,14385;1477,41995;6747,446611;5909,679801;20242,33983
DEE01;205;4,195670732;14115;4700;1,124052426;7,562765957;18552,74659;72252,13852;1416,733659;7562,765957;5666,934636;22688,29787
DEE02;205;4,195670732;15730;13319;1,133439288;8,211314663;18441,93874;75536,45442;1428,564675;8211,314663;5714,258702;24633,94399
DEE03;205;4,195670732;20408;12427;1,110887887;7,962541241;17555,66281;71285,05896;1400,141332;7962,541241;5600,565326;23887,62372
DEE04;205;4,195670732;24194;3102;1,136686782;6,014667956;18745,63573;57024,25657;1432,657753;6014,667956;5730,631012;18044,00387
DEE05;205;4,195670732;40054;7716;1,158461078;6,55469155;19459,74335;63531,72074;1460,101649;6554,69155;5840,406595;19664,07465
DEE07;205;4,195670732;47758;6102;1,148352109;5,996886267;18426,19796;55206,5007;1447,360502;5996,886267;5789,442009;17990,6588
DEE08;205;4,195670732;38476;9756;1,202203971;6,3850451;20281,55685;61618,81148;1515,234335;6385,0451;6060,937341;19155,1353
DEE09;215;5,010445736;50918;10791;1,196570957;6,35775183;20781,34845;63109,53041;1508,134595;6357,75183;6032,538379;19073,25549
DEE06;205;4,195670732;25506;3572;1,127264173;6,315369541;18204,35805;58461,86023;1420,781682;6315,369541;5683,126726;18946,10862
DEE0A;205;4,195670732;39765;5372;1,156393814;6,432241251;19535,64971;61857,64336;1457,49611;6432,241251;5829,98444;19296,72375
DEE0B;205;4,195670732;47527;7379;1,147074295;6,306410083;18527,75484;58038,51022;1445,749971;6306,410083;5782,999883;18919,23025
DEE0C;205;4,195670732;46621;10259;1,151755647;6,310507847;19385,49693;61202,27486;1451,650255;6310,507847;5806,60102;18931,52354
DEE0D;205;4,195670732;30065;4817;1,143755197;6,455158813;18883,7796;61078,01031;1441,566645;6455,158813;5766,266581;19365,47644
DEE0E;205;4,195670732;35480;4940;1,169842165;6,446761134;19560,68552;62291,61658;1474,446148;6446,761134;5897,784592;19340,2834
DEG01;214;4,341063084;18139;10335;1,161806053;7,881325593;18930,99492;72833,65605;1464,317591;7881,325593;5857,270363;23643,97678
DEG02;214;4,341063084;8766;6040;1,182409309;7,639983444;19993,26082;72811,98435;1490,28553;7639,983444;5961,142121;22919,95033
DEG03;214;4,341063084;9301;5351;1,161918073;7,338067651;19386,1722;69857,70184;1464,458779;7338,067651;5857,835114;22014,20295
DEG04;233;3,723444206;5591;1637;1,231443391;7,843310935;23255,06686;84452,30261;1552,087127;7843,310935;6208,348509;23529,9328
DEG05;214;4,341063084;6857;3963;1,150794808;6,739843553;19528,70794;66078,79118;1450,439233;6739,843553;5801,756933;20219,53066
DEG0N;201;4,648984245;4760;2942;1,244537815;6,50917743;20479,35899;61661,3721;1568,591083;6509,17743;6274,364331;19527,53229
DEG06;214;4,341063084;24413;2597;1,229263098;6,58548325;20340,66575;61829,76494;1549,339128;6585,48325;6197,356511;19756,44975
DEG07;214;4,341063084;18773;2979;1,192723592;6,080563948;20674,36399;61367,7423;1503,285451;6080,563948;6013,141805;18241,69184
DEG0P;201;4,648984245;32984;3284;1,262339316;5,659866017;19988,39745;51255,95416;1591,027746;5659,866017;6364,110983;16979,59805
DEG09;264;3,460621843;25409;3856;1,199220749;6,37098029;25380,9834;77277,23845;1511,47434;6370,98029;6045,897359;19112,94087
DEG0A;205;4,195670732;22897;2557;1,150194349;6,463824795;19253,81664;61643,52946;1449,682426;6463,824795;5798,729702;19391,47438
DEG0B;233;3,723444206;33034;3724;1,244142399;5,705155747;23250,74536;61563,65872;1568,092708;5705,155747;6272,370831;17115,46724
DEG0C;201;4,648984245;29694;5740;1,223816259;6,441376307;19473,65677;58780,57128;1542,474039;6441,376307;6169,896158;19324,12892
DEG0D;214;4,341063084;19627;1959;1,140011209;6,493619193;19526,25712;63658,9744;1436,847796;6493,619193;5747,391184;19480,85758
DEG0E;214;4,341063084;17541;1815;1,263953024;5,433333333;21541,48405;53191,45881;1593,061632;5433,333333;6372,246528;16300
DEG0F;214;4,341063084;23417;4787;1,257462527;6,532274911;21509,28312;63793,0971;1584,881137;6532,274911;6339,524547;19596,82473
DEG0G;214;4,341063084;20989;3025;1,183905855;6,049421488;19918,89942;58354,82625;1492,171748;6049,421488;5968,686994;18148,26446
DEG0H;233;3,723444206;13669;2298;1,309971468;5,483899043;25191,0597;61335,10203;1651,062377;5483,899043;6604,249509;16451,69713
DEG0I;233;3,723444206;24310;5211;1,260962567;6,047975437;24026,9199;65957,55841;1589,292518;6047,975437;6357,170072;18143,92631
DEG0J;214;4,341063084;20282;3093;1,206488512;6,388296153;20537,42721;61881,00714;1520,634486;6388,296153;6082,537945;19164,88846
DEG0K;214;4,341063084;21505;3355;1,242687747;5,922205663;21851,92294;59922,22062;1566,259293;5922,205663;6265,037172;17766,61699
DEG0L;214;4,341063084;24151;4772;1,252246284;5,67717938;21723,6032;57023,45269;1578,306686;5677,17938;6313,226742;17031,53814
DEG0M;214;4,341063084;17936;5660;1,201995986;6,40909894;21066,49889;64544,63127;1514,972194;6409,09894;6059,888777;19227,29682
